"Monthly Data Item Wise Report Across Periods From Apr-2024 To Oct-2024 for selected Sub-District of Districts , Karnataka State ",,,,,,,,,
Data as on 14th November 2024 10:24:17 AM,,,,,,,,,
Category,Data Item Code,Data Item Name,Apr-24,May-24,Jun-24,Jul-24,Aug-24,Sep-24,Oct-24
M1 [Ante Natal Care (ANC)],1.10,Total number of NEW Pregnant Women registered for ANC ,0,0,0,0,0,0,0
,1.1.a,Out of total number of NEW Pregnant Women registered with age <15 years,0,0,0,0,0,0,0
,1.1.b,Out of total number of NEW Pregnant Women registered with age 15-19 years,0,0,0,0,0,0,0
,1.1.c,Out of total number of NEW Pregnant Women registered with age >19 to 49 years,0,0,0,0,0,0,0
,1.1.d,Out of total number of NEW Pregnant Women registered with age >49 years,0,0,0,0,0,0,0
,1.1.1,"Out of the total NEW ANC registered, number registered within 1st trimester (within 12 weeks)",0,0,0,0,0,0,0
,1.1.2,Total ANC footfall/cases (Old cases + New Registration) attended ,881,890,"1,098","1,379",959,450,"1,138"
,1.2.1,Number of PW given Td1 (Tetanus Diptheria dose 1),7,10,10,9,5,8,3
,1.2.2,Number of PW given Td2 (Tetanus Diptheria dose 2),8,8,9,8,2,10,4
,1.2.3,Number of PW given Td Booster (Tetanus Diptheria dose booster),4,6,6,6,0,9,7
,1.2.4,Number of PW provided full course 180 Iron Folic Acid (IFA) tablets ,0,0,0,0,0,0,0
,1.2.5,Number of PW provided full course 360 Calcium tablets ,0,0,0,0,0,0,0
,1.2.6,Number of PW given one Albendazole tablet after 1st trimester,0,0,0,0,0,0,0
,1.2.7,Number of PW received 4 or more ANC check ups,34,12,12,0,46,0,0
,1.2.8,Number of PW given ANC Corticosteroids in Pre-Term Labour,22,20,15,20,22,18,18
,1.3.1,New cases of PW with hypertension detected ,36,40,40,40,32,11,9
,1.3.1.a,Number of PW with hypertension managed at institution ,36,40,40,40,32,11,14
,1.3.2,Number of Eclampsia cases managed during delivery,1,0,0,0,0,4,0
,1.4.1,Number of PW tested for Haemoglobin (Hb ) 4 or more than 4 times for respective ANCs,20,210,50,20,19,19,30
,1.4.2,Number of PW having Hb level<11(7.1 to 10.9 g/dl) (Out of total tested cases),40,40,40,15,8,19,14
,1.4.3,Number of PW having Hb level<=7 g/dl (Out of total tested cases),0,13,9,12,12,19,4
,1.4.4,Number of PW treated for severe anaemia (Hb<=7g/dl) (Out of total tested cases),0,13,9,12,12,2,4
,1.5.1,Number of PW tested for Blood Sugar using OGTT(Oral Glucose Tolerance Test),187,185,42,20,13,41,14
,1.5.2,Number of PW tested positive for GDM out of total OGTT(Oral Glucose Tolerance Test) conducted,22,20,25,20,9,31,7
,1.5.3,Number of PW given Insulin out of total tested positive for GDM,6,8,8,8,3,2,1
,1.5.4,Number of PW given Metformin out of total tested positive for GDM,8,10,10,10,6,4,2
,1.6.1.a,Number of pregnant/Direct-In-Labor (DIL) women screened/tested (with VDRL/RPR/TPHA/RDT/PoC) for Syphilis,48,480,50,49,16,70,30
,1.6.1.b,Number of pregnant/DIL women found Seropositive for Syphilis by VDRL/RPR/TPHA/RDT/PoC test,0,0,0,0,0,0,0
,1.6.1.c,Number of pregnant/DIL women found Syphilis-Seropositive and given treatment with injection Benzathine Penicillin (IM),0,0,0,0,0,0,0
,1.6.1.d,Number of live births among Syphilis Seropositive Pregnant Women,0,0,0,0,0,0,0
,1.6.1.e,Number of babies born to Syphilis-Seropositive Pregnant Women tested positive/ clinically diagnosed for congenital Syphilis ,0,0,0,0,0,0,0
,1.6.1.f,"Out of above, babies with congenital Syphilis received curative treatment ",0,0,0,0,0,0,0
,1.7.1,Number of Pregnant Women tested positive for Thyroid disorder,48,482,488,15,21,14,34
,1.7.2,Number of Pregnant Women treated for thyroid disorder,82,80,80,10,32,58,78
,1.8.1,Number of Pregnant Women screened for TB ,0,0,0,0,0,0,0
,1.8.2,Number of Pregnant Women identified with Presumptive TB symptoms,0,0,0,0,0,0,0
,1.8.3,Number of Pregnant Women referred out of those identified with Presumptive TB symptoms ,0,0,0,0,0,0,0
,1.9.1,Total High Risk Pregnancy (HRP) Intrapartum including following:,23,20,16,15,0,9,4
,1.9.1.a,Number of Pregnant Women with Post-Partum Haemorrhage(Immediately after delivery) in the facility.,22,20,15,15,0,4,4
,1.9.1.b,Number of Pregnant Women with Sepsis in the facility.,0,0,0,0,0,0,0
,1.9.1.c,Number of Pregnant Women identified with Eclampsia in the facility,1,0,1,0,0,4,0
,1.9.1.d,Number of Pregnant Women identified with obstructed labour in the facility.,0,0,0,0,0,1,0
,1.9.2,Total High Risk Pregnancy (HRP) Antepartum (Only New Cases are to be reported),0,0,0,0,0,53,0
,1.9.3,Total no. of ANC or PNC cases referred to Higher/ any other facility,0,0,0,0,0,0,0
,1.9.4,Total no. of ANC or PNC cases referred in to the facility,40,30,25,30,0,44,64
,1.9.5,Number of Complicated pregnancies treated with Blood Transfusion,8,6,0,8,0,13,9
M2 [Deliveries],2.1.1.a,Number of Home Deliveries attended by Skill Birth Attendant(SBA) (Doctor/Nurse/ANM) ,,,,,,,
,2.1.1.b,Number of Home Deliveries attended by Non SBA (Trained Birth Attendant(TBA) /Relatives/etc.),,,,,,,
,2.1.2,Number of PW given Tablet Misoprostol during home delivery,,,,,,,
,2.1.3,Number of newborns received 7 Home Based Newborn Care (HBNC) visits in case of Home delivery,,,,,,,
,2.20,Number of Institutional Deliveries conducted (Including C-Sections),161,181,144,122,174,160,191
,2.2.1,"Out of total institutional deliveries(excluding C-section), number of women stayed for 48 hours or more after delivery",86,96,71,64,105,79,86
,2.2.2,"Out of total Institutional deliveries, number of Institutional Deliveries (Excluding C-Sections) conducted at night (8 PM- 8 AM)",31,60,29,23,46,41,43
,2.30,Age wise total number of delivery (Home +Institutional) reported (2.3.1+2.3.2+2.3.3+2.3.4),161,181,144,122,174,160,191
,2.3.1,"Out of total number of delivery, PW with age <15 years",0,0,0,0,0,0,0
,2.3.2,"Out of total number of delivery, PW with age 15-19 years",5,0,2,2,4,16,19
,2.3.3,"Out of total number of delivery, PW with age >19-49 years",156,181,142,120,170,144,172
,2.3.4,"Out of total number of delivery, PW with age > 49 years",0,0,0,0,0,0,0
,2.40,Number of newborns received 6 HBNC visits after Institutional Delivery,,,,,,,
,2.50,No. of identified Sick new-borns referred by ASHA to facility under HBNC Programme,,,,,,,
,2.60,Total number of Children received all scheduled 5 Home visits under HBYC ,,,,,,,
M3 [Number of Caesarean (C-Section) deliveries],3.10,Total number of C -Section deliveries performed,75,85,73,58,69,81,102
,3.1.1,"Out of total C-sections, number performed at night (8 PM- 8 AM)",32,25,21,21,24,30,36
,3.1.2,"Out of total C-section, number of women stayed for 72 hours or more after delivery",75,85,73,58,69,81,99
M4 [Pregnancy outcome & details of new-born],4.1.1.a,Live Birth - Male,94,87,74,56,82,84,108
,4.1.1.b,Live Birth - Female,71,94,66,66,90,74,83
,4.1.2,Number of Pre-term newborns ( < 37 weeks of pregnancy),11,12,22,16,22,17,19
,4.1.3.a,Intrapartum (Fresh) Still Birth,0,0,1,0,2,0,0
,4.1.3.b,Antepartum (Macerated) Still Birth,0,0,3,1,0,2,2
,4.20,Abortion (spontaneous),12,10,7,9,0,0,0
,4.4.1,Number of Newborns weighed at birth,165,181,140,122,172,158,191
,4.4.2,Number of Newborns having weight less than 2500 gms,4,35,20,21,32,38,46
,4.4.2.a,"Out of the above, number of Newborns having weight less than 1800 gms",2,1,5,9,5,4,2
,4.4.3,Number of Newborns breast fed within 1 hour of birth,165,181,140,122,172,158,126
,4.4.4,No. of Newborns discharged from the facility were exclusively breastfed till discharge,165,181,140,122,172,158,191
,4.4.5,Number of Newborns received Donor Human Milk (DHM) in the facility,,,,,,,
,4.5.1,"Number of Newborns screened for defects at birth (as per Comprehensive Newborn Screening, RBSK)",165,181,140,122,172,158,191
,4.5.1.a,"Number of Newborns identified with visible birth defects (including Neural tube defect, Down's Syndrome, Cleft Lip & Palate, Club foot and Developmental dysplasia of the hip)",0,0,0,0,0,2,0
,4.5.2,Number of children (6 Weeks to 6 years) screened by RBSK mobile health teams at Anganwadi center ,,,,,,,
,4.5.2.a,Number of children (6 years to 18 years) screened by RBSK mobile health teams at Govt and Govt aided schools ,,,,,,,
,4.5.3,Number of SNCU discharged babies screened in DEIC,0,0,0,0,0,5,0
,4.5.4.a.1,Number of children identified with Disease by RBSK Mobile Health teams,,,,,,,
,4.5.4.b.1,Number of children identified with Deficiency by RBSK Mobile Health teams,,,,,,,
,4.5.4.c.1,Number of children identified with Developmental delay by RBSK Mobile Health teams,,,,,,,
,4.5.4.d.1,Number of children (0 - 18 years) identified with selected birth defect by RBSK Mobile Health teams,,,,,,,
,4.5.5,"Number of children till age 18 years (affected with selected health conditions) managed for 4 Ds (Disease, Deficiency, Developmental Delay & Defect)",0,0,0,0,0,0,0
,4.5.6,Number of children till age 18 years (affected with selected health conditions) managed by Intervention - Surgical,0,0,0,0,0,0,0
,4.5.7,Number of children till age 18 years managed at DEIC (District Early Intervention Centre),,,,,,,
M5 [Anaemia Mukt Bharat],5.1.1,"Number of women of reproductive age (WRA) 20-49 years (non-pregnant, non-lactating), provided 4 Red Iron and folic acid (IFA) tablets in a month",0,0,0,0,0,0,0
,5.1.2,Number of children (6-59 months old) provided 8-10 doses (1ml) of IFA syrup (Bi weekly),0,0,0,0,0,0,0
,5.1.3.a,Number of out of school children (5 -9 years) given 4-5 IFA Pink tablets at Anganwadi Centres ,,,,,,,
,5.1.3.b,Number of in-school children (5 - 9 years) provided 4-5 IFA Pink tablets in schools,,,,,,,
,5.2.1.a,Number of in-school Children (5-9 years) having anaemia (Hb 8.1-11.4 g/dl),,,,,,,
,5.2.1.b,Number of in-school adolescent girls (10-19 years) having anaemia (Hb 8.1-11.9 g/dl),,,,,,,
,5.2.1.c,Number of out of school adolescent girls (10-19 years) having anaemia (Hb 8.1-11.9 g/dl),,,,,,,
,5.2.1.d.i,Number of boys 10-11 years having anaemia (Hb 8.1-11.4 g/dl),,,,,,,
,5.2.1.d.ii,Number of boys 12-14 years having anaemia (Hb 8.1-11.9 g/dl),,,,,,,
,5.2.1.d.iii,Number of boys 15-19 years having anaemia (Hb 8.1-12.9 g/dl),,,,,,,
,5.2.1.e,Number of lactating mothers (of 0-6 months old child) having anaemia (Hb 8.1-11.9 g/dl),,,,,,,
,5.2.1.f,"Number of women of reproductive age (non-pregnant, non-lactating) (20-49 years) having anaemia (Hb 8.1-11.9 g/dl)",,,,,,,
,5.2.2.a,Number of in-school Children (5-9 years) having severe anaemia (Hb <8 g/dl),,,,,,,
,5.2.2.b,Number of in-school adolescent girls (10-19 years) having severe anaemia (Hb <8 g/dl),,,,,,,
,5.2.2.c,Number of out of school adolescent girls (10-19 years) having severe anaemia (Hb <8 g/dl),,,,,,,
,5.2.2.d,Number of in-school adolescent boys (10-19 years) having severe anaemia (Hb <8 g/dl),,,,,,,
,5.2.2.e,Number of lactating mothers (of 0-6 months old child) having severe anaemia ((Hb <8 g/dl),,,,,,,
,5.2.2.f,"Number of women of reproductive age (non-pregnant, non-lactating) (20-49 years) having severe anaemia (Hb <8 g/dl)",,,,,,,
,5.2.3.a,Number of anaemic in-school Children (5-9 years) put on treatment,0,0,0,0,0,0,0
,5.2.3.b,Number of anaemic in-school adolescent girls (10-19 years) put on treatment,0,0,0,0,0,0,0
,5.2.3.c,Number of anaemic out of school adolescent girls (10-19 years) put on treatment,0,0,0,0,0,0,0
,5.2.3.d,Number of anaemic in-school adolescent boys (10-19 years) put on treatment,0,0,0,0,0,0,0
,5.2.3.e,Number of anaemic lactating mothers (of 0-6 months old child) put on treatment,0,0,0,0,0,0,0
,5.2.3.f,"Number of anaemic women of reproductive age (non-pregnant, non-lactating) (20-49 years) put on treatment",0,0,0,0,0,0,0
,5.2.4.a,Number of lactating mothers (of 0-6 months old child) diagnosed with severe anaemia and put on treatment,0,0,0,0,0,0,0
M6 [Post Natal Care (PNC)],6.10,"In case of home delivery, number of women receiving 1st Postpartum checkups within 48 hours",0,0,0,0,0,0,0
,6.20,Number of women receiving Postpartum checkup between 48 hours and 14 days after Institutional delivery,0,0,0,0,0,158,0
,6.30,Number of mothers provided full course of 180 IFA tablets after delivery,161,181,140,122,172,158,191
,6.40,Number of mothers provided full course 360 Calcium tablets after delivery,161,181,140,122,172,158,191
M7 [Reproductive Tract Infections/Sexually transmitted infections (RTI/STI) Cases],7.1.1,Number of males assessed for STI/RTI,0,0,0,0,0,0,0
,7.1.1.a,"Out of the above, number of males diagnosed with STI/RTI",0,0,0,0,0,0,0
,7.1.1.b,"Out of the above, number of males treated for STI/RTI",0,0,0,0,0,0,0
,7.1.2,Number of females (all females) assessed for STI/RTI,0,0,0,0,0,0,0
,7.1.2.a,"Out of the above, number of females (all females) diagnosed with STI/RTI",0,0,0,0,0,0,0
,7.1.2.b,"Out of the above, number of females (all females) treated for STI/RTI",0,0,0,0,0,0,0
,7.1.3,Number of H/TG assessed for STI/RTI,0,0,0,0,0,0,0
,7.1.3.a,"Out of the above, number of H/TG people diagnosed with STI/RTI",0,0,0,0,0,0,0
,7.1.3.b,"Out of the above, number of H/TG people treated for STI/RTI",0,0,0,0,0,0,0
M8 [Family Planning],8.1.1,Number of Non Scalpel Vasectomy (NSV) / Conventional Vasectomy conducted,0,0,0,0,0,0,0
,8.2.1,Number of Laparoscopic sterilizations (excluding post-abortion) conducted,10,13,6,3,4,7,10
,8.2.2,Number of Interval sterilizations (Mini-lap/Conventional) (other than post-partum and post abortion) conducted,0,5,1,1,0,0,0
,8.2.3,Number of Postpartum sterilizations (within 7 days of delivery by minilap or concurrent with caesarean section) conducted,13,14,9,8,7,8,13
,8.2.4,Number of Post-abortion sterilizations (within 7 days of spontaneous or surgical abortion) conducted,1,1,0,0,0,0,0
,8.30,Number of Interval IUCD Insertions (excluding PPIUCD and PAIUCD),0,0,0,0,0,0,0
,8.40,Number of Postpartum (within 48 hours of delivery) IUCD insertions,0,0,0,0,0,0,0
,8.50,Number of Post-abortion (within 12 days of spontaneous or surgical abortion) IUCD insertions,0,0,0,0,0,0,0
,8.60,Number of IUCD Removals ,4,6,6,4,2,0,0
,8.70,Number of complications following IUCD Insertion,0,0,8,0,0,0,0
,8.80,Injectable Contraceptive MPA- First Dose,6,8,4,8,2,0,2
,8.90,Injectable Contraceptive MPA- Second Dose,2,4,4,4,1,0,4
,8.10,Injectable Contraceptive MPA- Third Dose,4,4,5,4,3,0,6
,8.11,Injectable Contraceptive MPA- Fourth and above Dose,4,5,0,5,0,0,2
,8.12,Number of Combined Oral Pill cycles distributed to the beneficiary,0,0,0,0,0,0,0
,8.13,Number of Condom pieces distributed to the beneficiary,0,0,0,0,0,0,0
,8.14,Number of Centchroman (weekly) pill strips distributed to the beneficiary,0,0,0,0,0,0,0
,8.15,Number of Emergency Contraceptive Pills (ECP) given to the beneficiary,0,0,0,0,0,0,0
,8.16,Number of Pregnancy Test Kits (PTK) utilized,108,100,67,90,66,0,65
,8.17.1,Complications following male sterilization,0,0,0,0,0,0,0
,8.17.2,Complications following female sterilization ,0,0,0,0,0,0,0
,8.17.3,Failures following male sterilization,0,0,0,0,0,0,0
,8.17.4,Failures following female sterilization,0,0,0,0,0,0,0
,8.17.5,Deaths following male sterilization,0,0,0,0,0,0,0
,8.17.6,Deaths following female sterilization,0,0,0,0,0,0,0
,8.18.1,Number of cases of Female Sterilization followed up (after 1 month or on the resumption of her menstrual cycle whichever is earlier),0,0,0,0,12,0,0
,8.18.2,Number of cases of Male Sterilization followed up (after 3 months),0,0,0,0,0,0,0
M9 [CHILD IMMUNISATION],9.1.1,Child immunisation - Vitamin K (Birth Dose),165,181,140,122,172,158,189
,9.1.2,Child immunisation - BCG,165,181,140,122,172,158,184
,9.1.3,Child immunisation - Pentavalent 1,29,40,44,37,29,40,43
,9.1.4,Child immunisation - Pentavalent 2,23,22,27,37,29,24,27
,9.1.5,Child immunisation - Pentavalent 3,19,21,18,34,38,31,26
,9.1.6,Child immunisation - OPV 0 (Birth Dose),165,181,140,122,172,158,184
,9.1.7,Child immunisation - OPV1,29,40,44,37,29,40,43
,9.1.8,Child immunisation - OPV2,23,22,27,40,29,24,27
,9.1.9,Child immunisation - OPV3,19,21,18,34,38,31,26
,9.1.10,Child immunisation - Hepatitis-B0 (Birth Dose),165,181,140,122,172,158,184
,9.1.11,Child immunisation - Inactivated Injectable Polio Vaccine 1 (IPV 1),29,40,44,37,29,40,43
,9.1.12,Child immunisation - Inactivated Injectable Polio Vaccine 2 (IPV 2) ,19,21,18,34,38,31,26
,9.1.13,Child immunisation - Rotavirus 1,29,40,44,37,29,40,43
,9.1.14,Child immunisation - Rotavirus 2,23,22,27,40,29,24,27
,9.1.15,Child immunisation - Rotavirus 3,19,21,18,34,38,31,26
,9.1.16,Child immunisation - PCV1,29,40,44,37,29,40,43
,9.1.17,Child immunisation - PCV2,19,21,18,34,38,31,26
,9.2.1,Child immunisation(9 - 11 months) - Inactivated Injectable Polio Vaccine 3 (IPV 3),19,25,28,19,17,27,21
,9.2.2,Child immunisation (9-11months) - Measles & Rubella (MR)/Measles containing vaccine(MCV) - 1st Dose,19,25,28,17,17,27,15
,9.2.3,Child immunisation (9-11months) - JE 1st dose,19,25,28,15,17,27,15
,9.2.4,Child immunisation - PCV Booster,19,25,28,19,17,27,21
,9.2.5.a,FULLY IMMUNIZED children aged between 9 and <12 months- Male,11,11,0,15,0,62,13
,9.2.5.b,FULLY IMMUNIZED children aged between 9 and <12 months- Female,8,14,0,14,0,60,8
,9.3.1,Child immunisation(after 12 months-delayed vaccination) - Measles & Rubella (MR)/Measles containing vaccine(MCV)- 1st Dose,0,0,0,0,0,0,0
,9.3.2,Child immunisation (after 12 months-delayed vaccination) - JE 1st dose,0,0,0,0,0,0,0
,9.3.3,Child immunisation - DPT 1 after 12 months of age (delayed vaccination) ,0,0,0,0,0,0,0
,9.3.4,Child immunisation - DPT 2 after 12 months of age (delayed vaccination) ,0,0,0,0,0,0,0
,9.3.5,Child immunisation - DPT 3 after 12 months of age (delayed vaccination) ,0,0,0,0,0,0,0
,9.3.6,Child immunisation - DPT Booster after 24 months of age (delayed vaccination) ,0,0,0,0,0,0,0
,9.3.7,Child immunisation - OPV Booster after 24 months of age (delayed vaccination) ,0,0,0,0,0,0,0
,9.3.8,Child immunisation - JE Booster after 24 months of age (delayed vaccination) ,0,0,0,0,0,0,0
,9.4.1,Child immunisation - Measles & Rubella (MR)/ Measles containing vaccine(MCV)- 2nd Dose (16-24 months),18,24,14,17,13,13,15
,9.4.2,Child immunisation - DPT 1st Booster ,18,24,14,17,13,13,15
,9.4.3,Child immunisation - OPV Booster,18,24,14,17,13,13,15
,9.4.4,Number of children more than 16 months of age who received Japanese Encephalitis (JE) vaccine- 2nd dose (16-24 months),18,24,14,17,13,13,15
,9.5.1,Child Immunization- Typhoid,6,4,5,5,0,6,10
,9.5.2,Children more than 5 years received DPT5 (2nd Booster),2,2,2,5,0,0,2
,9.5.3,Children more than 10 years received Td10 (Tetanus Diptheria10),0,0,0,0,0,0,0
,9.5.4,Children more than 16 years received Td16 (Tetanus Diptheria16),0,0,0,0,0,0,0
,9.6.1,"Number of cases of AEFI -Minor (eg.- fever, rash, pain etc)",4,0,0,0,0,0,0
,9.6.2,"Number of cases of AEFI - Severe (eg.- anaphylaxis, fever>102 degrees, not requiring hospitalization etc.)",0,0,0,0,0,0,0
,9.6.3,"Number of cases of AEFI - Serious (eg.- hospitalization, death, disability , cluster etc.)",0,0,0,0,0,0,0
,9.6.3.a,"Out of Number of cases of AEFI - Serious , total number of AEFI deaths",0,0,0,0,0,0,0
,9.7.1,Immunisation sessions planned ,,,,,,,
,9.7.2,Immunisation sessions held ,,,,,,,
,9.8.1,Child immunisation - Vitamin A Dose - 1,19,25,0,0,0,0,0
,9.8.2,Child immunisation - Vitamin A Dose - 5,12,24,0,0,0,0,0
,9.8.3,Child immunisation - Vitamin A Dose - 9,0,0,0,0,0,0,0
M10 [Number of cases of Childhood Diseases (0-5 years)],10.1.1,Childhood Diseases - Pneumonia,0,0,0,0,0,14,20
,10.1.2,Childhood Diseases - Asthma,0,0,0,0,0,16,10
,10.1.3,Childhood Diseases - Sepsis ,0,0,0,0,0,1,3
,10.1.4,Childhood Diseases - Diphtheria ,0,0,0,0,0,0,0
,10.1.5,Childhood Diseases - Pertussis ,0,0,0,0,0,0,0
,10.1.6,Childhood Diseases - Tetanus Neonatorum,0,0,0,0,0,0,0
,10.1.7,Childhood Diseases - Tuberculosis (TB),0,0,0,0,0,0,0
,10.1.8,Childhood Diseases - Acute Flaccid Paralysis(AFP),0,0,0,0,0,0,0
,10.1.9,Childhood Diseases - Measles,0,0,0,0,0,0,0
,10.1.10,Childhood Diseases - Malaria,0,0,0,0,0,0,0
,10.1.11,Childhood Diseases - Diarrhoea ,11,118,24,28,8,22,20
,10.1.12,Childhood Diseases - Diarrhoea treated with ORS,7,118,24,28,8,22,20
,10.1.13,Childhood Diseases - Diarrhoea treated with Zinc for 14 days,4,118,24,28,8,22,20
,10.1.14,Childhood Diseases -Leprosy Cases,0,0,0,0,0,0,0
,10.1.15,Childhood Diseases- Leprosy with Grade II disability ,0,0,0,0,0,0,0
,10.2.1,Children admitted with Respiratory Infections,8,18,6,15,18,44,16
,10.2.2,Children admitted with Pneumonia,2,1,2,4,3,14,10
,10.2.3,Children admitted with Diarrhoea ,11,38,24,14,8,6,12
M11 [NVBDCP],11.1.1.a,Total Blood Smears Examined for Malaria ,86,91,115,176,251,266,152
,11.1.1.b,Malaria (Microscopy Tests ) - Plasmodium Vivax test positive,0,0,1,0,1,0,0
,11.1.1.c,Malaria (Microscopy Tests ) - Plasmodium Falciparum test positive,0,0,0,0,0,0,0
,11.1.1.d,Malaria (Microscopy Tests ) - Mixed test positive,0,0,0,0,0,1,0
,11.1.2.a,RDT conducted for Malaria,10,9,28,46,41,46,28
,11.1.2.b,Malaria (RDT) - Plasmodium Vivax test positive,0,0,0,0,0,0,0
,11.1.2.c,Malaria (RDT) - Plasmodium Falciparum test positive,0,0,0,0,0,1,0
,11.1.2.d,Malaria (RDT) - Mixed test positive,0,0,0,0,0,1,0
,11.2.1,Kala Azar (RDT) - Tests Conducted,0,0,0,0,0,0,0
,11.2.2,Kala Azar Positive Cases,0,0,0,0,0,0,0
,11.3.1,Dengue - Enzyme- Linked Immuno Sorbent Assay (ELISA) test conducted,12,2,2,2,3,66,45
,11.3.2,Dengue - Enzyme- Linked Immuno Sorbent Assay (ELISA) test found positive,8,0,0,0,0,10,20
,11.3.3,Chikungunya Enzyme- Linked Immuno Sorbent Assay (ELISA) test conducted,0,0,0,0,3,0,0
,11.3.4,Chikungunya Enzyme- Linked Immuno Sorbent Assay (ELISA) test found positive,0,0,0,0,1,0,0
,11.4.1,No. of AES cases tested for JE(IgM ELISA),0,1,0,0,0,0,0
,11.4.2,No. of JE positive cases,0,0,0,0,0,0,0
,11.5.1,Number of persons that consumed MDA(Mass Drug Administration) drugs during the MDA round ,0,0,0,0,0,0,0
,11.5.2,Number of Lymphatic Filarisis lymphoedema patients received MMDP(Morbidity Management And Disability Prevention) kits ,0,0,0,0,0,0,0
,11.5.3,Number of Hydrocele surgeries conducted in Lymphatic Filariasis (MMDP),0,0,0,0,0,0,0
M12 [Adolescent Health],12.1.1.a,Girls registered in AFHC,0,0,0,0,0,0,0
,12.1.1.b,Boys registered in AFHC,0,0,0,0,0,0,0
,12.1.2.a,"Out of Girls registered, Girls received clinical services",0,0,0,0,0,0,0
,12.1.2.b,"Out of Boys registered, Boys received clinical services",0,0,0,0,0,0,0
,12.1.3.a,"Out of Girls registered, Girls received counselling",0,0,0,0,0,0,0
,12.1.3.b,"Out of Boys registered, Boys received counselling",0,0,0,0,0,0,0
,12.2.1.a,Number of Girls (6th -12th class) provided 4/5 IFA tablets in schools,,,,,,,
,12.2.1.b,Number of Boys (6th -12th class) provided 4/5 IFA tablets in schools,,,,,,,
,12.2.2.a,Number of Girls (6th -12th class) provided albendazole in schools,,,,,,,
,12.2.2.b,Number of Boys (6th -12th class) provided albendazole in schools,,,,,,,
,12.2.3,Number of out of school adolescent girls (10-19 years) provided 4/5 IFA tablets at Anganwadi Centres,,,,,,,
,12.2.4,Number of out of school adolescent girls (10-19 years) provided albendazole tablet at Anganwadi Centres,,,,,,,
,12.3.1,Number of adolescent girls provided sanitary napkin packs by ASHA,,,,,,,
,12.3.2,Number of sanitary napkin packs distributed free to ASHA (for her personal use),0,0,0,0,0,0,0
,12.3.3,Number of adolescent girls attended monthly meeting,,,,,,,
,12.3.4,Number of adolescent girls provided sanitary napkin packs by State/UT supported Menstrual Hygiene Scheme (MHS),0,0,0,0,0,0,0
,12.4.1,Number of Peer Educators selected,,,,,,,
,12.4.2,"Out of the selected Peer Educators, numbers trained",,,,,,,
,12.4.3,Number of Adolescent Health & Wellness Days organized,0,0,0,0,0,0,0
,12.4.4,Number of Adolescent Friendly Club Meetings organized,,,,,,,
M13 [National TB Elimination Programme (NTEP)],13.10,Number of notified TB patients who are on Anti Tuberculosis Therapy,0,0,0,0,0,0,0
,13.20,Number of Presumptive TB (ie with 4 Symptom complex of TB) identified ,0,0,0,0,0,4,0
,13.30,Number of Presumptive TB (ie with 4 Symptom complex of TB) identified and sent for any TB testing,0,0,0,0,0,4,0
,13.3.a,Number of Presumptive TB (ie with 4 Symptom complex of TB) identified and sent for any TB testing within the facility,0,0,0,0,0,4,0
,13.3.b,Number of Presumptive TB (ie with 4 Symptom complex of TB) identified and sent for any TB testing outside the facility,0,0,0,0,0,0,0
,13.40,"Of the number sent for testing, number who were tested (by any test) for TB within the facility",0,0,0,0,0,4,0
,13.50,"Of the number sent for testing, number who were tested (by any test) for TB outside the facility",0,0,0,0,0,0,0
,13.60,"Of the number tested, number of persons diagnosed as TB patients.",0,0,0,0,0,0,0
,13.70,Number of TB patients availing treatment through a Treatment supporter for the reporting month,0,0,0,0,0,0,0
,13.80,Number of beneficiarys who are registered at the ICTC centre.,0,0,0,0,0,0,0
,13.90,"Of the number registered at the ICTC centre, the number of presumptive TB cases identified and referred for TB testing and diagnosis.",0,0,0,0,0,0,0
,13.10,"Number of Directly Observed Treatment, Short-course (DOTS) cases completed successfully ",0,0,0,0,0,0,0
M14 [Patient Services],14.1.1,Outpatient - Diabetes,550,570,525,575,675,655,630
,14.1.2,Outpatient - Hypertension,480,466,450,480,520,535,520
,14.1.3,Outpatient - Stroke (Paralysis),0,0,0,0,0,0,0
,14.1.4,Outpatient - Cardiovascular Disease,0,0,0,0,0,0,0
,14.1.5,Outpatient - Mental illness,285,614,909,"1,072",809,775,696
,14.1.6,Outpatient - Epilepsy,0,0,0,0,0,0,0
,14.1.7,Outpatient - Ophthalmic Related,"1,320","2,406","2,142","2,270","2,197","1,966","1,885"
,14.1.8,Outpatient - Dental,834,"1,409","1,156","1,469","1,399","1,303","1,369"
,14.1.9,Outpatient - ENT ,996,"1,843","1,780","2,072","1,857","1,786","1,932"
,14.1.10,Outpatients- Asthma,0,0,0,0,0,0,0
,14.1.11,Outpatient - Oral Cancer,0,0,0,0,0,0,0
,14.1.12,Outpatient - Breast Cancer,0,0,0,0,0,0,0
,14.1.13,Outpatient - Cervical Cancer,0,0,0,0,0,0,0
,14.1.14,Outpatient - Other Cancer,0,0,0,0,0,0,0
,14.1.15,Outpatient - COPD,15,17,15,16,18,19,20
,14.1.16,Outpatient - CKD (Chronic Kidney Disease),363,334,341,355,421,467,392
,14.1.17,Outpatient- Patients undergoing refraction,950,"1,850","1,624","1,731","1,550",175,"1,100"
,14.1.18,Outpatient - Tuberculosis,0,0,0,0,0,0,0
,14.1.19,Outpatient - Leprosy Cases,0,0,0,0,0,0,0
,14.1.20,Outpatient - Leprosy with Grade II disability ,0,0,0,0,0,0,0
,14.1.21,Outpatient - Geriatric (age>=60 yrs),0,0,0,0,0,0,0
,14.1.22,Outpatient - Chronic Liver Disease,0,0,0,0,0,0,0
,14.1.23,Outpatient - Palliative Care,0,0,0,0,0,0,0
,14.1.24.a,Number of patients provided physiotherapy services,575,707,577,911,657,657,690
,14.1.24.b,Number of Palliative Patients visited at home ,,,,,,,
,14.2.1,Allopathic- Outpatient attendance,"18,975","31,547","33,292","36,697","33,595","31,966","31,010"
,14.2.2,Ayush - Outpatient attendance,0,0,0,0,0,0,0
,14.3.1.a,IPD Admission Male- Children<18yrs,184,192,182,187,239,236,253
,14.3.1.b,IPD Admission Male- Adults <60yrs,670,874,857,933,934,"1,000","1,025"
,14.3.1.c,IPD Admission Female- Children<18yrs,134,184,143,164,202,209,205
,14.3.1.d,IPD Admission Female- Adults<60yrs,677,895,827,857,957,935,"1,070"
,14.3.1.e,IPD Admission Geriatric->=60yrs,336,461,465,456,428,245,384
,14.3.2.a,IPD Discharge Male- Children<18yrs,183,187,178,184,234,243,253
,14.3.2.b,IPD Discharge Male- Adults<60yrs,659,814,866,954,952,885,972
,14.3.2.c,IPD Discharge Female- Children<18yrs,125,163,153,161,212,203,202
,14.3.2.d,IPD Discharge Female- Adults<60yrs,689,838,835,858,976,"1,000","1,015"
,14.3.2.e,IPD Discharge Geriatric->=60yrs,340,429,489,444,433,261,399
,14.3.3.a,IPD Referred Male- Children<18yrs,2,2,1,4,2,3,5
,14.3.3.b,IPD Referred Male- Adults<60yrs,1,4,1,2,0,1,4
,14.3.3.c,IPD Referred Female- Children<18yrs,0,0,1,1,1,1,2
,14.3.3.d,IPD Referred Female- Adults<60yrs,3,2,5,1,2,0,2
,14.3.3.e,IPD Referred Geriatric->=60yrs,1,0,1,1,0,2,1
,14.3.4.a,IPD Deaths Male- Children<18yrs,1,0,1,0,0,2,0
,14.3.4.b,IPD Deaths Male- Adults<60yrs,14,9,9,11,8,13,9
,14.3.4.c,IPD Deaths Female- Children<18yrs,0,1,1,0,0,0,0
,14.3.4.d,IPD Deaths Female- Adults<60yrs,5,5,7,1,3,0,5
,14.3.4.e,IPD Deaths Geriatric->=60yrs,7,9,5,9,10,10,14
,14.3.5.a,Total cases Referred out (OPD+IPD+Emergency)-During Day ,4,5,3,0,5,6,2
,14.3.5.b,Total cases Referred out (OPD+IPD+Emergency)-At Night (8 PM- 8 AM),1,8,4,3,5,3,3
,14.3.6,Day Care Admissions,0,0,0,4,0,0,0
,14.3.7.a,Number of Total Left Against Medical Advice (LAMA) cases reported at the facility,0,0,0,30,35,30,25
,14.3.7.b,Number of delivery LAMA cases reported at the facility,0,0,0,0,0,0,0
,14.3.8,Total number of Medico Legal Cases reported at the facility,308,357,398,261,264,314,341
,14.3.9,Total number of postmortem conducted at the facility,0,0,0,0,0,0,0
,14.3.10,Total number of telemedicine consultation provided,0,0,0,0,0,0,0
,14.4.1,Inpatient - Malaria ,0,0,0,0,0,2,0
,14.4.2,Inpatient - Dengue,19,25,82,112,170,165,60
,14.4.3,Inpatient - Typhoid,0,0,0,1,1,1,1
,14.4.4,"Inpatient - Asthma, Chronic Obstructive Pulmonary Disease (COPD), Respiratory infections",0,0,9,29,33,44,41
,14.4.5,Inpatient - Tuberculosis,0,0,0,0,0,0,0
,14.4.6,Inpatient - Pyrexia of unknown origin (PUO),0,0,6,0,50,35,28
,14.4.7,Inpatient - Diarrhoea with dehydration,0,0,24,17,25,10,10
,14.4.8,Inpatient - Leprosy (Reconstructive Surgery),0,0,0,0,0,0,0
,14.4.9,Inpatient - Operated for Cataract,0,0,0,130,90,87,94
,14.4.10,Inpatient - Pallative Care,0,0,0,0,0,0,0
,14.5.1,Patients registered at Emergency Department,"1,801","2,134","2,012","1,766","1,277","1,262","1,327"
,14.5.2,No. of Emergencies managed at night (8 PM- 8 AM),860,935,830,650,550,350,510
,14.6.1.a,"Emergency - Trauma ( accident, injury, poisoning etc) -Admission",78,92,91,75,80,75,110
,14.6.1.b,"Emergency - Trauma ( accident, injury, poisoning etc) -Deaths",1,3,1,3,1,2,4
,14.6.2.a,Emergency - Burn -Admission,0,0,2,0,1,0,0
,14.6.2.b,Emergency - Burn -Deaths,0,0,0,0,0,0,0
,14.6.3.a,Emergency - Obstetrics complications -Admission,0,0,0,0,0,0,0
,14.6.3.b,Emergency - Obstetrics complications -Deaths,0,0,0,0,0,0,0
,14.6.4.a,Emergency - Snake Bite -Admission,6,15,16,6,19,12,12
,14.6.4.b,Emergency - Snake Bite -Deaths,0,0,0,0,0,0,0
,14.6.5.a,Emergency - Acute Cardiac Emergencies - Admission,0,0,0,0,0,0,0
,14.6.5.b,Emergency - Acute Cardiac Emergencies - Deaths,0,0,0,0,0,0,0
,14.6.6.a,Emergency - CVA (Cerebrovascular Disease)/Stroke -Admission,0,0,0,0,0,0,0
,14.6.6.b,Emergency - CVA (Cerebrovascular Disease)/Stroke -Deaths,0,0,0,0,0,0,0
,14.6.7.a,Emergency - Dog Bite - Admission,0,0,0,0,0,0,0
,14.6.7.b,Emergency - Dog Bite - Deaths,0,0,0,0,0,0,0
,14.70,Total number of deaths occurring at Emergency Department,0,0,2,1,0,0,0
,14.8.1.a,Total number of Major Operations conducted excluding C-Section (General and spinal anaesthesia),417,604,558,532,492,379,435
,14.8.1.b,"Out of Major Operation, Gynecology- Hysterectomy surgeries",11,19,12,12,13,8,10
,14.8.1.c,"Major Surgeries excluding Obstetrics, Gynaecology and Opthalmology.",294,362,325,344,298,256,296
,14.8.1.d,No. of Major Surgeries done at night (8PM to 8 AM) (Excluding C section) ,0,0,0,0,0,0,0
,14.8.2,Minor Operations (No or local anaesthesia),138,140,130,120,142,144,143
,14.8.3,Number of post operative Surgical Site infection,2,3,2,4,4,5,4
,14.9.1,Number of blood units issued for Operations (excluding C-section),202,200,286,370,376,366,15
,14.9.2,Number of blood transfusions done during Operations (excluding C-section),0,200,286,370,376,366,15
,14.10.,In-Patient Head Count at midnight,"9,057","12,413","14,371","13,952","13,383","12,767","15,032"
,14.11.1,Number of Admission in NBSU ( New Born Stabilisation Unit),75,0,0,56,0,71,74
,14.11.2,Special Newborn Care Unit (SNCU Admissions) - Inborn Male,44,37,0,28,44,41,51
,14.11.3,Special Newborn Care Unit (SNCU Admissions) - Inborn Female,28,28,0,23,29,19,23
,14.11.4,Special Newborn Care Unit (SNCU Admissions) - Outborn Male,1,3,0,2,5,8,1
,14.11.5,Special Newborn Care Unit (SNCU Admissions) - Outborn Female,2,1,0,3,9,3,1
,14.11.6,Special Newborn Care Unit (SNCU Admissions) - referred by ASHA,0,0,0,0,0,0,0
,14.12.1,Number of deaths occurred at SNCU,1,0,0,0,0,2,0
,14.12.2,Number of Newborns successfully discharged from SNCU,5,3,0,42,6,5,9
,14.13.1.a,Total number of PW and PNC - JSSK Beneficiaries,0,0,0,0,0,0,0
,14.13.1.b,Number of PW and PNC benificiaries provided - Free Medicines under JSSK,0,0,0,0,0,0,0
,14.13.1.c,Number of PW and PNC benificiaries provided - Free Diet under JSSK,0,0,0,0,0,0,0
,14.13.1.d,Number of PW and PNC benificiaries provided - Free Diagnostics under JSSK,0,0,0,0,0,0,0
,14.13.1.e,Number of PW and PNC benificiaries provided - Free Home to facility transport under JSSK,0,0,0,0,0,0,0
,14.13.1.f,Number of PW and PNC benificiaries provided - Interfacility transfers when needed under JSSK,0,0,0,0,0,0,0
,14.13.1.g,Number of PW and PNC benificiaries provided - Free Drop Back home under JSSK,0,0,0,0,0,0,0
,14.13.1.h,Number of PW and PNC benificiaries provided - Free Blood transfusion under JSSK,0,0,0,0,0,0,0
,14.13.2.a,Number of infants admitted at facility due to any sickness- JSSK Beneficiaries,0,0,0,0,0,0,0
,14.13.2.b,Number of sick infants provided - Free Medicines under JSSK,0,0,0,0,0,0,0
,14.13.2.c,Number of sick infants provided - Free Diagnostics under JSSK,0,0,0,0,0,0,0
,14.13.2.d,Number of sick infants provided - Free Home to facility transport under JSSK,0,0,0,0,0,0,0
,14.13.2.e,Number of sick infants provided - Interfacility transfers when needed under JSSK,0,0,0,0,0,0,0
,14.13.2.f,Number of sick infants provided - Free Drop Back home under JSSK,0,0,0,0,0,0,0
,14.13.2.g,Number of sick infants provided - Free Blood transfusion under JSSK,0,0,0,0,0,0,0
,14.14.1,Number of sick SAM children admitted in standalone/ integrated NRC ,3,0,0,0,0,0,0
,14.14.2,Number of sick SAM children referred to standalone/ integrated NRC by Frontline Workers (AWW/ ASHA/ ANM),0,0,0,0,0,0,0
,14.14.3,Number of sick SAM children referred to standalone/ integrated NRC from IPD/OPD of other Health Facility (PHC/CHC/SDH/DH/other NRC),0,0,0,0,0,0,0
,14.14.4,Number of children Referred to standalone/ integrated NRC by RBSK Team,0,0,0,0,0,0,0
,14.14.5,Number of SAM children discharged from standalone/ integrated NRC who met the discharge criteria,3,0,0,0,0,0,0
,14.14.6,Number of admitted children left against medical advice (LAMA) / defaulter,0,0,0,0,0,0,0
,14.14.7,Number of children died while admitted in standalone/ intergrated NRC,0,0,0,0,0,0,0
,14.14.8,Number of children who completed all four post discharge follow-ups ,0,0,0,0,0,0,0
,14.14.9,Number of sick SAM children treated and admitted in the pediatric facility (other than standalone/ integrated NRC),0,0,0,0,0,0,0
,14.14.10,In-Patient Head Count at midnight for standalone/ integrated NRC,0,0,0,0,0,0,0
,14.15.1,Number of Rogi Kalyan Samiti (RKS) meetings held,0,0,0,0,0,0,0
,14.15.2,Number of Jan Arogya Samiti (JAS) meetings held,,,,,,,
,14.16,Number of Anganwadi centres reported to have conducted atleast one Village Health & Nutrition Day (VHNDs)/UHND/ Outreach / Special Outreach sessions,,,,,,,
,14.17,Total number of UHND/VHND sessions conducted in the reporting month,0,0,0,0,0,0,0
,14.18,Total number of Outreach/Special Outreach camps conducted in the reporting month,0,0,0,0,0,0,0
,14.19.a,Stock out rate of essential Drugs,0,0,0,0,0,0,0
,14.19.b,Total no. of essential drugs for which stock-outs reported ,0,0,0,0,0,0,0
,14.20,Blood Units Issued on replacement -{Any donor (apart from voluntary blood donor) to be considered as replacement donations},0,0,0,0,0,0,150
,14.21,Total number of blood units issued in month,202,200,286,370,376,366,316
,14.22,Patient Satisfaction Score of the facility in percentage (from Mera Aspatal),,,,,,,
,14.23.1.a,Number of patients registered for hemodialysis services in the centre during the reporting month ,0,0,0,0,0,0,0
,14.23.1.b,Number of patients on waiting list for hemodialysis services at the end of reporting month,0,0,0,0,0,0,0
,14.23.1.c,Number of hemodialysis sessions held during the reporting month,0,0,0,0,0,0,0
,14.23.2.a,Number of patients started Peritoneal dialysis under PMNDP during the reporting month ,0,0,0,0,0,0,0
,14.24.1.a,Total number of blood samples screened by ELISA/Rapid tests for viral hepatitis A (IgM Anti- HAV),,,,,,,
,14.24.1.b,Total number of blood samples screened by ELISA/Rapid tests for viral hepatitis B i.e. HBsAg (excluding pregnant women),0,"1,161","1,203","1,139","1,118","1,032","1,074"
,14.24.1.c,Total number of blood samples screened by ELISA/Rapid tests for viral hepatitis C(Anti- HCV),0,956,"1,068",985,994,926,946
,14.24.1.d,Total number of blood samples screened by ELISA/Rapid tests for viral hepatitis E(i.e. IgM Anti-HEV),,,,,,,
,14.24.2.a,Total number of blood samples tested positive by ELISA/ Rapid tests for Hepatitis A (out of those tested for IgM Anti- HAV),,,,,,,
,14.24.2.b,Total number of blood samples tested positive by ELISA/ Rapid tests for Hepatitis B (out of those tested for HBsAg excluding pregnant women),0,8,14,10,11,8,0
,14.24.2.b.i,Total number of positive blood samples for hepatitis B by ELISA/ Rapid tests tested for HBV DNA(out of those tested positive for HBsAg excluding pregnant women) ,0,0,0,0,0,0,7
,14.24.2.b.ii,Total number of patients found positive for HBsAg eligible for treatment for hepatitis B (excluding pregnant women) ,0,0,0,0,0,0,2
,14.24.2.b.iii,Total number of patients eligible for treatment for Hepatitis B put on treatment(out of those eligible for treatment excluding pregnant women),0,0,0,0,0,0,0
,14.24.2.c,Total number of blood samples tested positive by ELISA/ Rapid tests for Hepatitis C (out of those tested for Anti-HCV),0,2,3,5,3,5,2
,14.24.2.c.i,Total number of positive blood samples for Hepatitis C screened by test (ELISA/ Rapid tests) confirmed by HCV RNA testing (out of those positive for anti-HCV),0,0,0,0,0,0,0
,14.24.2.c.ii,Total number of patients put on treatment for Hepatitis C (out of those confirmed by HCV RNA i.e. HCV RNA detected),0,0,0,0,0,0,0
,14.24.2.c.iii,Total number of positive Hepatitis C patients who have completed treatment,0,0,0,0,0,0,0
,14.24.2.c.iv,Total number of patients cleared for HCV RNA on sustained virological response at 12 weeks (SVR12),0,0,0,0,0,0,0
,14.24.2.d,Total number of blood samples tested positive by ELISA/ Rapid tests for Hepatitis E(out of those tested for IgM Anti-HEV) ,,,,,,,
,14.24.3.a,Number of Pregnant Women tested for HBsAg,242,240,240,250,168,0,0
,14.24.3.b,Number of Pregnant Women who are HBsAg positive(out of those tested for Hepatitis B i.e. HBsAg),0,0,0,0,0,0,0
,14.24.3.c,Number of Pregnant Women found positive for HBsAg referred out to higher centre for institutional delivery,0,0,0,0,0,0,0
,14.24.3.d,Number of Pregnant Women found positive for HBsAg delivered in an institution,0,0,0,0,0,0,0
,14.24.3.e,Number of newborn who received birth dose of Hepatitis B vaccine born to HBsAg positive pregnant women,0,0,0,0,0,0,0
,14.24.3.f,Number of New Borns to Pregnant Women (found positive for HBsAg) received Hepatitis B Immunoglobulin (HBIG) (within 24 hours of birth),0,0,0,0,0,0,0
M15 [Laboratory Testing],15.1.1,Total Number of Lab Tests done- Inhouse,"52,033","61,943","66,280","71,106","68,323","66,838","63,969"
,15.1.2,Total Number of Lab Tests done- Outsourced,0,0,200,0,4,13,30
,15.2.1,Number of Hb tests conducted including kit tests,"3,595","4,512","6,402","5,539","5,713","5,773","4,936"
,15.2.2,"Out of the total number of Hb tests done, Number having Hb < 7 mg ",23,25,23,23,16,14,22
,15.3.1.a,Number of males screened for HIV by Whole Blood Finger Prick/RDT test/POC test,393,469,535,430,469,453,415
,15.3.1.b,"Out of the above, No. of males found reactive for HIV",4,3,3,2,7,5,2
,15.3.1.c,Number of HIV reactive males subjected to HIV test at Confirmatory Centre (Stand Alone-ICTC) ,0,0,0,0,0,0,0
,15.3.1.d,"Out of the above, No. of males confirmed as HIV Positive ",0,0,0,0,0,0,0
,15.3.2.a,Number of females (non-ANC) screened for HIV by Whole Blood Finger Prick/RDT test/POC test,610,682,585,583,546,613,531
,15.3.2.b,"Out of the above, No. of females (non-ANC) found reactive for HIV",0,4,3,1,8,2,0
,15.3.2.c,Number of HIV reactive females (non-ANC) subjected to HIV test at Confirmatory Centre (Stand Alone-ICTC) ,0,0,0,0,0,0,0
,15.3.2.d,"Out of the above, No. of females (non-ANC) confirmed as HIV Positive ",0,0,0,0,0,0,0
,15.3.3.a,Number of Pregnant Women (PW-ANC) screened for HIV by Whole Blood Finger Prick/RDT test/POC test ,0,0,0,0,168,0,0
,15.3.3.b,"Out of the above, No. of PW(ANC) found reactive for HIV",0,0,0,0,1,0,0
,15.3.3.c,Number of HIV reactive PW(ANC) subjected to HIV test at Confirmatory Centre (Stand Alone-ICTC) ,0,0,0,0,0,0,0
,15.3.3.d,"Out of the above, No. of PW(ANC) confirmed as HIV Positive ",0,0,0,0,0,0,0
,15.3.3.e,Number of DIL women screened for HIV by Whole Blood Finger Prick/RDT test/POC test ,0,0,0,0,0,0,0
,15.3.3.f,"Out of the above, No. of DIL women found reactive for HIV",0,0,0,0,0,0,0
,15.3.3.g,Number of HIV reactive DIL women subjected to HIV test at Confirmatory Centre (Stand Alone-ICTC) ,0,0,0,0,0,0,0
,15.3.3.h,"Out of the above, No. of DIL women confirmed as HIV Positive ",0,0,0,0,0,0,0
,15.3.3.i,Number of Pregnant Women (ANC&DIL) screened for HIV more than once(Repeated testing) ,0,0,0,0,0,0,0
,15.3.4.a,Number of H/TG people screened for HIV by Whole Blood Finger Prick/RDT test/POC test,0,0,0,0,0,0,0
,15.3.4.b,"Out of the above, No. of H/TG people found reactive for HIV",0,0,0,0,0,0,0
,15.3.4.c,Number of HIV reactive H/TG people subjected to HIV test at Confirmatory Centre (Stand Alone-ICTC) ,0,0,0,0,0,0,0
,15.3.4.d,"Out of the above, No. of H/TG people confirmed as HIV Positive ",0,0,0,0,0,0,0
,15.4.1.a,Total number of males tested for Syphilis (RPR/VDRL/PoC/ RDT/TPHA) ,10,15,8,15,20,32,10
,15.4.1.b,"Out of the above, number of males tested reactive for Syphilis (RPR/VDRL/PoC/ RDT/TPHA) ",0,0,0,1,1,0,0
,15.4.1.c,"Out of the above, number of males treated for Syphilis ",0,0,0,0,0,0,0
,15.4.2.a,Total number of female (non-ANC) tested for Syphilis (RPR/VDRL/PoC/ RDT/TPHA) ,236,262,308,218,276,266,317
,15.4.2.b,"Out of the above, number of females (non-ANC) tested reactive for Syphilis (RPR/VDRL/PoC/ RDT/TPHA) ",0,0,0,1,1,1,0
,15.4.2.c,"Out of the above, number of females (non-ANC) treated for Syphilis ",0,0,0,0,0,0,0
,15.4.3.a,Total number of H/TG people tested for Syphilis (RPR/VDRL/PoC/ RDT/TPHA) ,0,0,0,0,0,0,0
,15.4.3.b,"Out of the above, number of H/TG people tested reactive for Syphilis (RPR/VDRL/PoC/ RDT/TPHA) ",0,0,0,0,0,0,0
,15.4.3.c,"Out of the above, number of H/TG people treated for Syphilis ",0,0,0,0,0,0,0
,15.5.1,Widal tests- Number Tested,78,60,108,126,174,165,97
,15.5.2,Widal tests- Number Positive,2,0,2,13,13,1,15
,15.6.1.a.i,X-ray(Inhouse),"2,775","3,062","2,938","3,165","3,036","3,223","3,116"
,15.6.1.a.ii,X-ray(Outsource),0,0,0,0,0,0,0
,15.6.1.b.i,Ultrasonography (USG) (Inhouse),"1,202","1,437","1,365","1,589","1,477","1,408","1,480"
,15.6.1.b.ii,Ultrasonography (USG)(Outsource),0,0,0,0,0,0,0
,15.6.1.c.i,CT scan (Inhouse),489,541,500,498,473,475,543
,15.6.1.c.ii,CT scan (Outsource),0,0,0,0,0,0,0
,15.6.1.d.i,MRI (Inhouse),0,0,0,0,189,160,243
,15.6.1.d.ii,MRI (Outsource),0,0,0,0,0,0,0
,15.6.1.e.i,ECG (Inhouse),"1,090",989,688,"1,527",967,789,811
,15.6.1.e.ii,ECG (Outsource),0,0,0,0,0,0,0
M16 [Details of deaths reported with probable causes:],16.1.1a,New born deaths within 24 hrs(1 to 23 Hrs 59 minutes) of birth at Facility/Facility to facility in transit,0,0,0,0,0,2,0
,16.1.1.b,New born deaths within 24 hrs(1 to 23 Hrs 59 minutes) of birth in Community (at home or home to facility transit),0,0,1,0,0,0,0
,16.1.2.a,New born deaths within 1 week (1 to 7 days) at Facility/Facility to facility in transit,1,0,0,0,0,0,0
,16.1.2.b,New born deaths within 1 week (1 to 7 days) At Community (at home or home to facility transit),0,0,0,0,0,0,0
,16.1.3.a,New born deaths within 8 to 28 days at Facility/Facility to facility in transit,0,0,0,0,0,0,0
,16.1.3.b,New born deaths within 8 to 28 days At Community (at home or home to facility transit),0,0,0,0,0,0,0
,16.1.4.a,Infant Deaths (>28 days to 12 months) at Facility/Facility to facility in transit,0,0,0,0,0,0,0
,16.1.4.b,Infant Deaths (>28 days to 12 months) At Community (at home or home to facility transit),0,0,0,0,0,0,0
,16.2.1,Neonatal Deaths up to 4 weeks (0 to 28 days) due to Sepsis,0,0,0,0,0,0,0
,16.2.2,Neonatal Deaths up to 4 weeks (0 to 28 days) due to Asphyxia,0,0,0,0,0,1,0
,16.2.3,Neonatal Deaths up to 4 weeks (0 to 28 days) due to complications of Prematurity,0,0,1,0,0,0,0
,16.2.4,Neonatal Deaths up to 4 weeks (0 to 28 days) due to Other causes,1,0,0,0,0,1,0
,16.3.1,Number of Infant Deaths (>28 days - 12 months) due to Pneumonia,0,0,0,0,0,0,0
,16.3.2,Number of Infant Deaths (>28 days - 12 months) due to Diarrhoea,0,0,0,0,0,0,0
,16.3.3,Number of Infant Deaths (>28 days - 12 months) due to Fever related,0,0,0,0,0,0,0
,16.3.4,Number of Infant Deaths (>28 days - 12 months) due to Measles,0,0,0,0,0,0,0
,16.3.5,Number of Infant Deaths (>28 days - 12 months) due to Others,0,0,0,0,0,0,0
,16.4.1,Number of Child Deaths (1 -5 years) due to Pneumonia,0,0,0,0,0,0,0
,16.4.2,Number of Child Deaths (1 -5 years) due to Diarrhoea,0,0,0,0,0,0,0
,16.4.3,Number of Child Deaths (1 -5 years) due to Fever related,0,0,0,0,0,0,0
,16.4.4,Number of Child Deaths (1 -5 years) due to Measles,0,0,0,0,0,0,0
,16.4.5,Number of Child Deaths (1 -5 years) due to Others,0,0,1,0,0,0,0
,16.5.1,Number of Maternal Deaths due to APH (Antepartum Haemmorhage),0,0,0,0,0,0,0
,16.5.2,Number of Maternal Deaths due to PPH (Post-Partum Haemmorhage),0,0,0,0,0,0,0
,16.5.3,"Number of Maternal Deaths due to Pregnancy related infection and sepsis, Fever",0,0,0,0,0,0,0
,16.5.4,Number of Maternal Deaths due to Abortive complication,0,0,0,0,0,0,0
,16.5.5,Number of Maternal Deaths due to Obstructed/prolonged labour,0,0,0,0,0,0,0
,16.5.6,"Number of Maternal Deaths due to Severe hypertension/fits & Hypertensive disorder in pregnancy, birth and puerperium",0,0,0,0,0,0,0
,16.5.7,Number of Maternal Deaths due to Other/Unknown Causes,0,0,0,0,0,0,0
,16.5.8,"Age wise total Maternal Deaths, occurred at Facility",0,0,0,0,0,0,0
,16.5.8.a,"Out of total number of maternal deaths, deaths with age<15 years",0,0,0,0,0,0,0
,16.5.8.b,"Out of total number of maternal deaths, deaths with age 15-19 years",0,0,0,0,0,0,0
,16.5.8.c,"Out of total number maternal deaths, deaths with age more than >19-49 years",0,0,0,0,0,0,0
,16.5.8.d,"Out of total number maternal deaths, deaths with age more than >49 years",0,0,0,0,0,0,0
,16.5.9,"Total Maternal Deaths, occurred at Home to be reported at Block level",,,,,,,
,16.5.10,Maternal Death in transit to be reported at Block level,,,,,,,
,16.5.11.a,"Out of total number of maternal deaths, deaths with age<15 years",,,,,,,
,16.5.11.b,"Out of total number of maternal deaths, deaths with age 15-19 years",,,,,,,
,16.5.11.c,"Out of total number maternal deaths, deaths with age more than >19-49 years",,,,,,,
,16.5.11.d,"Out of total number maternal deaths, deaths with age more than >49 years",,,,,,,
,16.60,Total Facility Based Maternal Death Reviews (FBMDR) done,0,0,0,0,0,0,0
,16.7.1,Number of deaths due to Diarrhoeal diseases,0,0,0,0,0,0,0
,16.7.2,Number of deaths due to Tuberculosis,0,0,0,0,0,0,0
,16.7.3,Number of deaths due to Respiratory diseases including infections (other than TB),0,0,0,0,0,0,0
,16.7.4,Number of deaths due to Other Fever Related,0,0,0,0,0,0,0
,16.7.5,Number of deaths due to Heart disease/Hypertension related,0,0,0,0,0,0,0
,16.7.6,Number of deaths due to Cancer,0,0,0,0,0,0,0
,16.7.7,Number of deaths due to Neurological disease including strokes,0,0,0,0,0,0,0
,16.7.8,Number of deaths due to Accidents/Burn cases ,0,0,0,0,0,0,0
,16.7.9,Number of deaths due to Self Harm,0,0,0,0,0,0,0
,16.7.10,Number of deaths due to Animal bites and stings,0,0,0,0,0,0,0
,16.7.11,Number of deaths due to Known Acute Disease,5,5,7,11,6,7,9
,16.7.12,Number of deaths due to Known Chronic Disease,1,1,1,1,5,3,4
,16.7.13,Number of deaths due to Other Causes ,0,0,0,0,0,0,0
,16.8.1,Number of Deaths due to Malaria- Plasmodium Vivax,0,0,0,0,0,0,0
,16.8.2,Number of Deaths due to Malaria- Plasmodium Falciparum,0,0,0,0,0,0,0
,16.8.3,Number of Deaths due to Kala Azar,0,0,0,0,0,0,0
,16.8.4,Number of Deaths due to Dengue,0,0,0,2,1,0,0
,16.8.5,Number of Deaths due to Acute Encephelitis Syndrome (AES),0,0,0,0,0,0,0
,16.8.6,Number of Deaths due to Japanese Encephalitis (JE),0,0,0,0,0,0,0
,16.90,Total Deaths (above 5 years of age),0,0,0,0,0,0,0
,16.9.1,Above 5 years to below 10 years,0,0,0,0,0,0,0
,16.9.2,Above 10 years to below 19 years,0,0,0,0,0,0,0
,16.9.3,Adult above >19 years,0,0,0,0,0,0,0
M17 [QA & BEMMP],17.1.1,Total number of Haematology tests registered under External Quality Assurance Scheme (EQAS) ,16,16,16,16,16,16,16
,17.1.2,No. of registered Haematology tests reported EQAS Compliant,0,0,0,0,0,0,0
,17.1.3,Total number of Biochemistry tests registered under External Quality Assurance Scheme (EQAS) ,69,69,69,69,69,69,69
,17.1.4,No. of registered Bio chemistry tests report EQAS Compliant,0,0,0,0,0,0,0
,17.1.5,"Total Quantity of Bio medical waste generated in Kg for the month (All Yellow, Red, white & Blue)",208,249,255,250,232,264,399
,17.1.6,Total Quantity of General waste generated in Kg for the month,0,0,0,0,0,0,0
,17.2.1,Total number of breakdown calls reported for the month,7,5,7,6,6,5,7
,17.2.2,Total number of breakdown attended for the month,5,5,5,6,3,5,5
,17.2.3,Number of visit made by the service engineer/ BME for the month,5,3,5,2,2,3,7
M20 [Death Reviews (MDR) Done],20.10,Total Maternal Deaths Reviewed (MDR) by CMO,,,,,,,
,20.20,Total Maternal Deaths Reviewed (MDR) by DM,,,,,,,
,20.30,Number of Maternal Deaths reviewed through Community based Maternal Death Review (CBMDR),,,,,,,
,20.40,Total number of Child Deaths Reviewed by CMHO Level,,,,,,,
,20.50,Total number of Child Deaths Reviewed by DM Level,,,,,,,
,20.60,Number of Child Deaths reviewed through Community based Child Death Review (CBCDR),,,,,,,
M21 [National Ambulance Services ],21.10,Average response time (call to scene) for all BLS Ambulances in the district during the month,,,,,,,
,21.20,Average response time (call to scene) for all ALS Ambulances in the district during the month,,,,,,,
,21.30,Average number of trips per day by all ALS Ambulances in the district during the month ,,,,,,,
,21.40,Average number of trips per day by all BLS Ambulances in the district during the month,,,,,,,
,21.50,Average kilometres travelled by all ALS Ambulances in the district during the month,,,,,,,
,21.60,Average kilometres travelled by all BLS Ambulances in the district during the month,,,,,,,
M22 [NLEP],22.10,No. of new leprosy cases found during monthly survey,,,,,,,
Selected Parameter,Dated :,14th November 2024,Facility Type :,Sub District Hospital,Category :,All,Physical/Notional :,Physical,
,Urban / Rural :,All,Report Type :,Across Periods,Selected Period :,Apr-2024 To Oct-2024,,,
/